Code,SMILES,Score,,,,,
D1,CC1(C)C(C(=O)O)N2C(=O)C(C2S1)/N=C(/O)\Cc1ccccc1,-13.9,,,,D1,
D2,CC[C@H](C)C(=O)O[C@H]1CCC=C2C=C[C@H](C)[C@H](CC[C@@H]3C[C@H](CC(=O)O3)O)[C@@H]12,-15.7,,,,D2,
D3,CC[C@H](C)C(=O)O[C@H]1C[C@@H](C)C=C2C=C[C@H](C)[C@H](CC[C@@H]3C[C@H](CC(=O)O3)O)[C@@H]12,-16,,,,D3,
D4,C1[C@H](C=C2[C@H]([C@H]1OC(=O)C(CC)(C)C)[C@H]([C@H](C=C2)C)CC[C@@H]1C[C@H](CC(=O)O1)O)C,-15.7,,,,D4,
D5,C[C@]1(c2cccc(c2C(=C2[C@@H]1C[C@H]1[C@@H](C(=O)C(=C([C@]1(C2=O)O)O)C(=N)O)N(C)C)O)O)O,-13.5,,,,D5,
D6,CC(C)CCCCC/C(=N/[C@H](Cc1ccc(cc1)O)/C(=N/[C@@H](CO)/C(=N/[C@H](CC(C)C)/C(=N/[C@@H](Cc1c[nH]c2ccccc12)/C(=N/[C@@H](CCCNC(=N)N)C(=O)O)/O)/O)/O)/O)/O,-18,,,,D6,
D7,CCOC(=O)[C@H](CCCNC(=N)N)/N=C(/[C@H](Cc1c[nH]c2ccccc12)/N=C(/[C@@H](CC(C)C)/N=C(/[C@H](CO)/N=C(/[C@@H](Cc1ccc(cc1)O)/N=C(/CCCCCC(C)C)\O)\O)\O)\O)\O,-19.8,,,,D7,
D8,C(CCCCC/C(=C/C(=O)/C=C\1/OC(C(=O)N1)CCCC)/C)C,-13.1,,,,#N/A,
D9,C(CCCCC/C(=C/C(=O)/C=C\1/O[C@@H](C(=O)N1)CCCCC)/C)C,-13.5,,,,#N/A,
D10,CCCCCC/C(=C/C(=O)/C=C\1/O[C@@H](C(=O)N1)CCCC)/C,-12.7,,,,#N/A,
D11,C(CCCCC/C(=C/C(=O)CC(=N)O[C@H](C(=O)O)CCCC)/C)C,-13.8,,,,D11,
D12,c1(ccc2c(c1)c(c[nH]2)c1c(c([nH]c1)C(=O)OC)c1c2c([nH]c1)ccc(c2)Cl)Cl,-16.3,,,,D12,
D13,c1(c(cc2c(c1)c(c[nH]2)c1c(c([nH]c1)C(=O)OC)c1c2c([nH]c1)ccc(c2)Cl)Cl)Cl,-15.8,,,,D13,
D14,c1(c(cc2c(c1)c(c[nH]2)c1c(c[nH]c1)c1c2c([nH]c1)cc(c(c2)Cl)Cl)Cl)Cl,-15.8,,,,D14,
D15,c1(ccc2c(c1)c(c[nH]2)c1c(c([nH]c1C(=O)OC)C(=O)OC)c1c2c([nH]c1)ccc(c2)Cl)Cl,-15.7,,,,D15,
D16,c1ccc2c(c1)c(c[nH]2)c1c(c([nH]c1C(=O)OC)C(=O)OC)c1c2c([nH]c1)ccc(c2)Cl,-16.9,,,,D16,
D17,CC12CCCCC1=CC=C1C2=CC=CC1=O,-12,,,,D17,
D18,CC[C@@H](CC(=O)C(Cl)Cl)[C@H](C)c1ccc(cc1)[N+](=O)[O+255],-13.4,,,,D18,
D19,c12c(cc(cc1O)C)C(=O)c1c(C2=O)c(ccc1)OC,-13.5,,,,D19,
D20,c1(ccccc1O)C(=O)c1n(c(c(c1Br)Cl)Cl)c1c(c([nH]c1C(=O)c1ccccc1O)Cl)Cl,-16.5,,,,D20,
D21,C1C([C@@](C(=CC1=O)C)(O)/C=C/C(=C\C(=O)O[C@@H]1[C@H]([C@@H](C=C(C1=O)CO)O)O)/C)(C)C,-16.1,,,,D21,
D22,c1c(cccc1C(=O)OC1[C@H]([C@@H](C=C(C1=O)CO)O)O)O,-12.8,,,,D22,
D23,c1cc(ccc1)CC(OC(CC(C)C)C(=O)O[C@@H]1[C@H]([C@@H](C=C(C1=O)CO)O)O)C(=O)OC,-16.9,,,,D23,
D24,CC(c1cc(cc(=O)o1)OC)O,-8.8,,,,D24,
D25,C1=C(CO)C(=O)[C@H]2[C@@H]([C@@H]1O)O2,-7.9,,,,D25,
D26,C/C=C(/C)\[C@H]1[C@@H](/C=C/C=C(/C)\[C@H]([C@@H](C)CO)O)[C@@H]2C[C@H]([C@@](C)(C[C@H]2[C@H]2[C@]1(C)O2)O)Cl,-14.7,,,,D26,
D27,C/C=C/[C@@H]1CO[C@]2(C)[C@H]1Cc1c(cc(C)oc1=O)O2,-13,,,,D27,
D28,C(CO)C(=O)C1CC(=O)OC1,-7.8,,,,D28,
D29,C[C@H]1CCC/C=C/[C@@H]2C[C@@H](C[C@H]2[C@@H](/C=C/C(=O)O1)O)O,-13.2,,,,D29,
D30,C[C@H]1CCC/C=C\[C@@H]2CCC[C@H]2[C@H](/C=C\C(=O)O1)O,-12,,,,D30,
D31,C[C@H]1CCC/C=C/[C@@H]2CC(=O)C[C@H]2[C@@H](/C=C/C(=O)O1)O,-13.6,,,,D31,
D32,[C@H]1([C@H](OC(=O)C(=C1)[C@H]([C@H](C)O)Cl)C)O,-9.5,,,,D32,
D33,[C@H]1([C@H](OC(=O)C(=C1)[C@@H]([C@H](C)Cl)O)C)O,-9.3,,,,D33,
D34,c1cc(c2c3c1c1c4c(c3C=CC2=O)C(C(Oc4c(cc1)O)C(=O)O)O)O,-16.8,,,,D34,
D35,O1[C@]2(Oc3cccc4c3c1ccc4O)[C@H]1[C@@H]([C@@H](c3c2c(ccc3O)O)O)O1,-15.1,,,,D35,
D36,c1ccc(cc1)/C=C/C(=O)O,-9.3,,,,D36,
D37,CCCCC(CC)COC(=O)c1ccccc1C(=O)OCC(CC)CCCC,-15.2,,,,D37,
D38,O=C1N2C(C(=O)NC1Cc1ccccc1)CCC2,-13,,,,D38,
D39,O=C1NC(C(=O)NC1Cc1ccccc1)C(C)C,-12.8,,,,D39,
D40,c1c(c(c2c(c1C(=O)OC)c(=O)c1c(o2)C=C(OC1OC)C)O)OC,-13.2,,,,D40,
D41,c1c(c(c2c(c1C(=O)OC)c(=O)c1c(o2)C=C(OC1)C)O)OC,-13.4,,,,D41,
D42,c1(c(cc2c(c1C(=O)O)c(=O)c1c(o2)C=C(OC1OC)C)O)O,-14,,,,D42,
D43,C[C@H]1[C@H](C)OCc2c1c(C)c(c(c1c(c(C)c3[C@H](C)[C@@H](C)OCc3c1O)O)c2O)O,-14.5,,,,D43,
D44,C[C@@H]1CCC/C=C\C2(CC(=O)c3c(cc(cc3O2)O)CC(=O)O1)O,-14.1,,,,D44,
D45,C[C@@H]1CCC/C=C/C(=O)c2c(cc(cc2O)O)CC(=O)O1,-13.3,,,,D45,
D46,CN1/C(=C/c2ccccc2)/C(=O)N(C)C(CO)(C1=O)SC,-12.1,,,,D46,
D47,C[C@H](CC[C@H]1c2cccc(c2C(=O)O1)OC)O,-11.6,,,,D47,
D48,CCCC[C@H]1c2cccc(c2C(=O)O1)OC,-11.8,,,,D48,
D49,c1(ccccc1)C[C@H]1N(C(=O)[C@@H](OC(=O)[C@@H](NC(=O)[C@@H](OC(=O)[C@@H](N(C(=O)[C@H](NC1=O)C)C)C)C(C)C)C)CC(C)C)C,-12.7,,,,D49,
D50,c1(ccccc1)C[C@H]1N(C(=O)[C@@H](OC(=O)[C@@H](NC(=O)[C@@H](OC(=O)[C@@H](N(C(=O)[C@H](NC1=O)C)C)C)C(C)(C)O)C)CC(C)C)C,-14.2,,,,D50,
D51,C[C@@H]1[C@H]2CC(=O)[C@@H]([C@@]31[C@H](C(=C)OC3=O)O2)O,-10.6,,,,D51,
D52,Cc1ccc(cc1C(=O)C(C)O)O,-9.9,,,,D52,
D53,c1ccc(cc1)Cc1occ(c(=O)c1)C(=O)N,-12.9,,,,D53,
D54,c1ccc(cc1)Cc1[nH]c(=O)c(c(c1)O)C=O,-13.2,,,,D54,
D55,C1[C@@H](C([C@H]2[C@](C1)([C@](C(CC2=O)C)(CO)O)C)(C)C)O,-12,,,,D55,
D56,[C@@H]1(CC([C@H]2[C@](C1)([C@](C(CC2=O)C)(CO)O)C)(C)C)O,-11.5,,,,D56,
D57,C1[C@@H](C([C@H]2[C@](C1)([C@H](C(CC2=O)C)CO)C)(C)C)O,-11.6,,,,D57,
D58,CC1(C)CCC[C@@]2(C)[C@H]1[C@@H](C=C1COC(=O)[C@]21O)OC(=O)/C=C/C=C/C(=O)O,-15.9,,,,D58,
D59,CC1(C)CCC[C@@]2(C)[C@H]1[C@@H](C=C1COC(=O)[C@]21O)OC(=O)/C=C/C=C/C(=O),-15.5,,,,D59,
D60,CC(C(/C=C/C=C/C(=O)O[C@@H]1C=C2COC(=O)[C@@]2([C@@]2(C)CCCC(C)(C)[C@H]12)O)O)O,-15.6,,,,D60,
D61,C/C=C/C=C/C=C/C(=O)O[C@@H]1C=C2COC(=O)[C@@]2([C@@]2(C)CCCC(C)(C)[C@H]12)O,-15.7,,,,D61,
D62,c1(c(=O)oc(cc1OC)/C(=C/C(CC(=O)O)C)/C)C,-12.7,,,,D62,
D63,c1(c(=O)oc(cc1OC)/C(=C/C(CC(=O)O)C)/C)CO,-12.2,,,,D63,
D64,c1(c(c(=O)oc(c1)/C(=C/C(CCCC(=O)O)C)/C)CO)OC,-13.5,,,,D64,
D65,CC(C)C[C@H]1C(=O)N2CCCC[C@H]2/C(=N/[C@@H](CCCCCC(=O)C2CO2)/C(=N/[C@H](Cc2ccccc2)/C(=N\1)/O)/O)/O,-16,,,,#N/A,
D66,c1cc(ccc1C/C(=N/O)/C(=O)OC[C@@H]([C@@H](COC(=O)/C(=N\O)/Cc1ccc(cc1)O)O)O)O,-16.6,,,,D66,
D67,Cc1cc(cc(c1C(=O)c1c2c3cc(cc(c3C(=O)c3c(cc(C)c(c23)oc1=O)O)O)O)O)O,-18.6,,,,D67,
D68,c1(ccc(cc1)O)C[C@@H]1NC(=O)[C@H](N(C(=O)[C@@H](NC(=O)[C@@H](NC(=O)[C@H]2N(C1=O)CCC2)C(C)C)C(C)C)C)Cc1ccc(cc1)O,-13.7,,,,D68,
D69,c1(ccc(cc1)O)C[C@@H]1NC(=O)[C@H](N(C(=O)[C@@H](NC(=O)[C@@H](NC(=O)[C@H]2N(C1=O)CCC2)C(C)C)[C@@H](C)CC)C)Cc1ccc(cc1)O,-13.1,,,,D69,
D70,C1(=O)OC(c2c(C1)cc(cc2O)O)CCCCCCC(C)O,-13.5,,,,D70,
D71,C1(=O)OC(c2c(C1)cc(cc2O)O)CCCCCCC(C)OC(=O)C,-14.7,,,,D71,
D72,C1(=O)OC(c2c(C1)cc(cc2O)O)CCCCCCCCOC(=O)C,-14.2,,,,D72,
D73,c1(c(c(cc(c1)O)O)C(=O)CCCCCCC(C)O)CC(=O)OC,-14.1,,,,D73,
D74,c1(c(c(cc(c1)O)O)C(=O)CCCCCCCC)CC(=O)OC,-13.6,,,,D74,
D75,c1c(cc(c2c1cc(c(=O)o2)CC(C)O)OC)OC,-11.9,,,,D75,
D76,c1c(cc(c2c1cc(c(=O)o2)C(C(C)O)O)OC)OC,-12.5,,,,D76,
D77,c1c(cc(c2c1cc(c(=O)o2)CC(CO)O)OC)OC,-12.3,,,,D77,
D78,c1c(cc(c2c1cc(c(=O)o2)CC(CO)O)O)OC,-11.9,,,,D78,
D79,c1c(cc(c2c1cc(c(=O)o2)CO)OC)O,-11.1,,,,D79,
D80,CC(=C1C(C(=O)N(CCC(=O)OC)C1=O)O)C,-10.8,,,,D80,
D81,c1(cc(c2c(c1)oc(cc2=O)CCCCCCC)CC(=O)OC)O,-14.6,,,,D81,
D82,c1(cc(c2c(c1)oc(cc2=O)CCCCCCC)CC(=O)OCC)O,-14.1,,,,D82,
D83,c1(cc(c2c(c1)oc(cc2=O)CCCCCCC)CC(=O)O)O,-13.9,,,,D83,
D84,c1(cc(c2c(c1)oc(cc2=O)CCCCCC(C)O)CC(=O)OC)O,-15,,,,D84,
D85,c1(cc(c2c(c1)oc(cc2=O)CCCCCC(C)O)CC(=O)OCC)O,-15.5,,,,D85,
D86,c1(cc(c2c(c1)oc(cc2=O)CCCCC)CC(=O)OC)O,-13.8,,,,D86,
D87,CC(=CCc1cccc2c(C[C@H]3C(=N[C@@H](C)C(=O)N3O)O)c[nH]c12)C,-14.9,,,,D87,
D88,C/C=C\[C@@H]([C@@H](C1=C(C)C(=O)[C@]2([C@H]([C@](C(=O)c3ccccc3)(N=C2O)OC)O)O1)O)O,-16.5,,,,#N/A,
D89,C1=C[C@]2([C@H]([C@@H](C1=O)C)[C@@H](C(=O)[C@]1(C2CC[C@@H]2[C@@]1(C[C@@H](/C/2=C(/CCCC(C)(C)O)\C(=O)O)OC(=O)C)C)C)OC(=O)C)C,-12.8,,,,D89,
D90,c1cc(c2c(c1)c(=O)c(c(o2)CO)C)OC,-10.8,,,,D90,
D91,CCCCCCCCCCCCCCCc1cc(cc(c1C(=O)Oc1cc(C)c(c(c1)O)C(=O)O)O)O[C@H]1[C@@H]([C@H]([C@H]([C@@H](CO)O1)O)O)O,-19,,,,D91,
D92,"C(=O)([C@@H](N(c1c(cccc1)C(=O)O)C(=O)[C@H](N(C)C(=O)[C@@H](N)C(C)C)Cc1ccccc1)CC(C)C)N	",-18.4,,,,D92,
D93,"C(=O)([C@H](CC(C)C)NC(=O)[C@H](Cc1ccc(cc1)O)N(C)C(=O)[C@H]([C@@H](CC)C)NC(=O)C)OC	",-16.1,,,,D93,
D94,"CC[C@@H](C)[C@H](NC(=O)C)C(=O)N(C)[C@@H](Cc1ccc(O)cc1)C(=O)O	",-14.8,,,,D94,
D95,"C(=O)([C@H](N(C)C(=O)[C@@H](NC(=O)C)[C@@H](CC)C)Cc1ccccc1)O	",-15.1,,,,D95,
D96,c1c(cc2c(c1)C(=O)C1=C(C2=O)[C@H]([C@H]([C@H](O1)C)O)O)O,-12.6,,,,#N/A,
D97,c1ccc2c(c1O)C(=O)C1=C(C2=O)[C@H]([C@H]([C@H](O1)C)O)O,-13.2,,,,#N/A,
D98,"[C@]12(C(=O)O[C@@H]3[C@@H]1[C@]([C@@H](CC2)O)([C@H]1[C@H](C3)COC(=O)C1)C)C	",-14,,,,D98,
D99,"C1[C@@H](C(c2c(C1)c1c(c(c2)O)[C@@H]2[C@](CC1)([C@@H](CO2)O)C)(C)C)O	",-13.1,,,,D99,
D100,"C1CC(c2c(C1)c1c(c(c2)O)[C@@H]2[C@](CC1)([C@@H](CO2)O)C)(C)C	",-12.6,,,,D100,
D101,"C1C[C@](c2c(C1)c1c(c(c2)O)[C@@H]2[C@](CC1)([C@@H](CO2)O)C)(C)CO	",-12.6,,,,D101,
D102,"C1C[C@](c2c(C1)c1c(c(c2)O)[C@@H]2[C@](CC1)([C@@H](CO2)O)C)(C)COC(=O)C	",-14.6,,,,D102,
D103,"C1C[C@](c2c(C1)c1c(c(c2)O)[C@@H]2[C@](CC1)([C@H](CO2)O)C)(C)CO	",-12.8,,,,D103,
D104,"C[C@@H]1c2nc3c(cccc3O)c(=O)n2-c2ccccc2C(=O)N1	",-15.1,,,,D104,
D105,"c1c(ccc(c1)/C=C(/C(=C/c1ccc(cc1)O)/[N+]#[C-])\[N+]#[C-])O	",-12.4,,,,D105,
D106,"c1ccc2c(c1)C(=C)NC(=N2)[C@@H](C)O	",-10.9,,,,D106,
D107,"[C@@]123N(c4ccccc4[C@@]1(C=C(C(=O)N2/C(=C/c1cnc[nH]1)/C(=O)N3)O)C(C)(C=C)C)OC	",-14.7,,,,D107,
D108,"C1[C@H]([C@@H](C[C@@]2([C@H](C[C@H](C=C12)O)C)C)C(=C)C)O	",-11.7,,,,D108,
D109,"C(=O)(C)O[C@H]1[C@H]2O[C@H]2C2=CC(=O)[C@]3(C[C@@]2([C@H]1C)C)O[C@]3(C)CO	",-13.5,,,,D109,
D110,"O1[C@H](C=C(C1=O)CC(=O)C)[C@H](C)O	",-9.1,,,,D110,
D111,"O1[C@H](C=C(C1=O)CC[C@H](C)O)C	",-8.7,,,,D111,
D112,"O1[C@H](C=C(C1=O)[C@@H]([C@@H](C)O)O)[C@H](C)O	",-9.3,,,,D112,
D113,"O1[C@H](C=C(C1=O)[C@H]([C@H](C)O)O)[C@H](C)O	",-9.2,,,,D113,
D114,"O1[C@H](C=C(C1=O)[C@@H]([C@@H](C)O)OC)[C@H](C)O	",-9.7,,,,D114,
D115,"O1[C@H](C=C(C1=O)C[C@H](O)C)[C@H](C)O	",-9,,,,D115,
D116,"O1[C@H](C=C(C1=O)C[C@@H](O)C)[C@H](C)O	",-8.9,,,,D116,
D117,"[C@H]1([C@H](C=C(C(=O)O1)[C@@H]([C@@H](C)O)OC)O)C	",-9.6,,,,D117,
D118,"CC(=O)/C=C/C(=C/[C@@H](C)O)/CO	",-8.6,,,,D118,
D119,"O1[C@H](C=C(C1=O)CCO)C	",-7.5,,,,D119,
D120,"[C@H]1([C@H](C=C(C(=O)O1)C[C@H](C)O)O)C	",-9,,,,D120,
D121,"C[C@@H](/C=C(/C=C/[C@@H](C)O)\CO)O	",-8.5,,,,D121,
D122,"C[C@@H](/C=C(/C=C/[C@H](C)O)\CO)O	",-8.7,,,,D122,
D123,"c1(=O)c(c(cc(o1)C[C@H](C)O)O)C	",-9.2,,,,D123,
D124,"[C@H]12N(C(=O)[C@H](NC1=O)Cc1ccccc1)CCC2	",-12.9,,,,D124,
D125,"c1(ccccc1)CCOC(=O)[C@H]1NC(=O)CC1	",-12.5,,,,D125,
D126,"[C@@H]12N(C(=O)[C@@H](NC1=O)[C@@H](CC)C)CCC2	",-10.1,,,,D126,
D127,"[C@@H]12N(C(=O)[C@@H](NC1=O)CC(C)C)CCC2	",-10.6,,,,D127,
D128,"C1[C@@H](C[C@]2([C@](C1)([C@@]1([C@@H](CC2=O)[C@@H]2[C@](CC1)([C@H](CC2)[C@@H](/C=C/[C@@H](C(C)C)C)C)C)O)C)O)O	",-15.2,,,,D128,
D129,"c1c(cc2c(c1O)c(=O)c1c(o2)C=C[C@H]([C@H]1C(=O)OC)O)CO	",-13.2,,,,D129,
D130,"c1c(cc2c(c1O)c(=O)c1c(o2)C=C[C@@H]([C@H]1C(=O)OC)O)CO	",-13.6,,,,D130,
D131,"C1=C(C2=CC(=O)C(=C[C@@]2([C@H]([C@H]1OC(=O)C)C)C)O)Cl	",-12.7,,,,D131,
D132,C=C1OCC2=C[C@@H](O3)[C@H]4[C@](C3=O)(C)[C@@H](O)[C@@H](O5)[C@@H]5[C@]4(C)C2=C1,-14.4,,,,D132,
D133,O=C1OCC2=C[C@@H](O3)[C@H]4[C@](C3=O)(C)C[C@@H](O)C[C@]4(C)C2=C1,-14,,,,D133,
D134,"[C@]123[C@@H]4CC[C@@H]([C@]4(CC=C1[C@]1(CC[C@@H](C[C@]1(OO2)C=C3)O)C)C)[C@H](C)/C=C/[C@H](C(C)C)C	",-16.9,,,,D134,
D135,"[C@]123[C@@H]4CC[C@@H]([C@]4(CC[C@@H]1[C@]1(CC[C@@H](C[C@]1(OO2)C=C3)O)C)C)[C@H](C)/C=C/[C@@H](C(C)C)C	",-16.9,,,,D135,
D136,"[C@@H]12[C@H]3CC[C@@H]([C@]3(CC[C@H]1[C@]1(CC[C@@H](C[C@]31O[C@H]3C2=O)O)C)C)[C@H](C)/C=C/[C@H](C(C)C)C	",-16.4,,,,D136,
D137,C(=O)([C@@H](/C=C/CCCCCCCCCCCC)O)N[C@@H](CO[C@@H]1O[C@@H]([C@H]([C@@H]([C@H]1O)O)O)CO)[C@@H](/C=C/CC/C=C(/CCCCCCCCC)\C)O,-15.6,,,,#N/A,
D138,"C(=O)([C@@H](CCCCCCCCCCCCCC)O)N[C@@H](CO[C@@H]1O[C@@H]([C@H]([C@@H]([C@H]1O)O)O)CO)[C@@H](/C=C/CC/C=C(/CCCCCCCCC)\C)O	",-17.6,,,,#N/A,O=C(N[C@H]([C@H](O)/C=C/CC/C=C(C)/CCCCCCCCC)CO[C@@H]1O[C@H](CO)[C@@H](O)[C@H](O)[C@H]1O)[C@H](O)CCCCCCCCCCCCCC
D139,"C(=O)([C@@H](/C=C/CCCCCCCCCCCCCC)O)N[C@@H](CO[C@@H]1O[C@@H]([C@H]([C@@H]([C@H]1O)O)O)CO)[C@@H](/C=C/CC/C=C(/CCCCCCCCC)\C)O	",-17.6,,,,#N/A,O=C(N[C@H]([C@H](O)/C=C/CC/C=C(C)/CCCCCCCCC)CO[C@@H]1O[C@H](CO)[C@@H](O)[C@H](O)[C@H]1O)[C@H](O)/C=C/CCCCCCCCCCCCCC
D140,"C(=O)([C@@H](CCCCCCCCCCCCCCCC)O)N[C@@H](CO[C@@H]1O[C@@H]([C@H]([C@@H]([C@H]1O)O)O)CO)[C@@H](/C=C/CC/C=C(/CCCCCCCCC)\C)O	",-17.3,,,,D140,
D141,"c1ccc2c(c1)[nH]cc2[C@@]12c3c(cccc3)N[C@@H]1N1[C@]3(C2)C(=O)N([C@@](C1=O)(CO)SS3)C	",-13.7,,,,D141,
D142,"c1ccc2c(c1)[nH]cc2[C@@]12c3c(cccc3)N[C@@H]1N1[C@]3([C@H]2O)C(=O)N([C@@](C1=O)(CO)SSS3)C	",-11.8,,,,D142,
D143,"c1ccc2c(c1)[nH]cc2[C@@]12c3c(cccc3)N[C@@H]1N1[C@]3([C@H]2O)C(=O)N([C@@](C1=O)(C)SS3)C	",-12.3,,,,D143,
D144,"c12nc3[C@](NC(=O)[C@@H](n3c(=O)c1C=CC=CO2)Cc1ccccc1)(C(C)C)OC	",-16.1,,,,D144,
D145,"c1(cc(cc2C(=O)c3cc(cc(c3C(=O)c12)O)C)OC)O	",-13.8,,,,D145,
D146,"N1C(=O)[C@@H](NC(=O)/C/1=C/c1c([nH]c2c1cccc2)C(C)(C=C)C)C	",-14.9,,,,D146,
D147,"C1=C[C@]2([C@H]3[C@]([C@@H]1O)(C1=CC(=O)OCC1=C[C@H]3OC2=O)C)C	",-13.8,,,,D147,
D148,"[C@@H]12[C@@H]([C@]3([C@H]4[C@]([C@@H]1O)(C1=CC(=O)OCC1=C[C@H]4OC3=O)C)C)O2	",-13.9,,,,D148,
D149,"C1=C[C@]2([C@@H]3[C@]([C@H]1O)(C(=O)O[C@@H]3C=C1C2=CC(=O)OC1)C)C	",-14,,,,D149,
D150,"O[C@H]1C=CC[C@@H]2C[C@]34SS[C@@]5(C[C@@H]6[C@@H](O)C=C[C@H](O)[C@H]6N5C3=O)C(=O)N4[C@H]12	",-14,,,,D150,
D151,"C(=O)(c1c(cc(cc1CCCCCCCCC)O)O)[O-]	",-13.1,,,,D151,
D152,"c1ccc2c3c1O[C@]14c5c(C(=O)[C@@H]6[C@H]1O6)c(ccc5O[C@]3([C@@H](CC2=O)O)O4)O	",-16.8,,,,D152,
D153,"c1ccc2c3c1O[C@]14c5c(C(=O)[C@@H]6[C@H]1O6)c(ccc5O[C@]3(C=CC2=O)O4)O	",-16.4,,,,D153,
D154,"O[C@H]1/C=C\[C@@H](OC)/C=C\CCC[C@H](C)OC(=O)/C=C/1	",-13,,,,D154,
D155,"O=C1/C=C\[C@@H](OC)/C=C\CCC[C@H](C)OC(=O)/C=C/1	",-13,,,,D155,
D156,"O[C@H]1/C=C\C=C\[C@@H](CCC[C@H](C)OC(=O)/C=C/1)O	",-12.1,,,,D156,
D157,"O[C@@H]1/C=C\C=C\[C@@H](CCC[C@H](C)OC(=O)/C=C/1)O	",-12.3,,,,D157,
D158,"[C@@H]12Oc3c(c[nH]c(=O)c3C(=O)[C@@H]1[C@@H]([C@H]1C[C@H](CC[C@@H]1[C@]2(C)O)C)/C=C/C)c1ccc(cc1)O	",-16.5,,,,D158,
D159,"C[C@]1([C@@H](C[C@H]2[C@@H]([C@H]1O)C(=O)c1c(C2=O)c(cc(c1)OC)O)O)O	",-13.8,,,,D159,
D160,"C[C@]1([C@@H]([C@H](C2=C([C@H]1O)C(=O)c1c(C2=O)c(cc(c1)OC)O)O)O)O	",-13.7,,,,D160,
D161,"C[C@@]1(CC2=C(C[C@H]1O)C(=O)c1c(C2=O)cc(cc1O)OC)O	",-13.1,,,,D161,
D162,"CC(=O)O[C@@H]1[C@H](C2=C([C@H]([C@]1(C)O)O)C(=O)c1c(C2=O)c(cc(c1)OC)O)O	",-14.5,,,,D162,
D163,"C[C@@]1([C@@H](C2=C(C(=O)c3c(cc(c(c4c(cc(c5c4C(=O)C4=C(C5=O)[C@@H]([C@H]([C@](C)([C@@H]4O)O)O)O)O)OC)c3C2=O)OC)O)[C@@H]([C@H]1O)O)O)O	",-11.7,,,,D163,
D164,"c1ccc2c(c1)C1=C(C2)[C@]2([C@H](C1)CC[C@@H]1[C@@]2(CC[C@H]2C1=C[C@H]([C@H](C2)C(C)(C)O)O)C)C	",-14.8,,,,D164,
D165,"CC[C@@H](C)C[C@H](/C=C(/C)\[C@@H]([C@H](C)/C=C(/C)\[C@@H]([C@H](C)/C=C/[C@@H]([C@H](C)/C=C(/C)\C=O)O)O)O)CO	",-15.9,,,,D165,
D166,"Cc1cc(=O)c2c(cc(c([C@@H]3C[C@H](C(=O)O3)OC)c2o1)OC)O	",-13.7,,,,D166,
D167,"c1c(oc2c(c1=O)c(cc(c2[C@H](OC)C[C@H](C(=O)OC)OC)OC)O)C	",-14.7,,,,D167,
D168,"c1c(oc2c(c1=O)c(cc(c2[C@@H](OC)C[C@H](C(=O)OC)OC)OC)O)C	",-14.3,,,,D168,
D169,"c1c(oc2c(c1=O)c(cc(c2[C@@H](OC)C[C@H](C(=O)O)OC)OC)O)C	",-14,,,,D169,
D170,"C(=O)(c1c(cc(cc1CCCCCCC[C@@H](C)O)O)O)OCC	",-13.4,,,,D170,
D171,"O1C(=O)[C@@H](N(C(=O)[C@H](OC(=O)[C@@H](N(C(=O)[C@H](OC(=O)[C@@H](N(C(=O)[C@H]1C(C)C)C)Cc1ccccc1)C(C)C)C)Cc1ccccc1)C(C)C)C)Cc1ccccc1	",-13,,,,D171,
D172,"c1(ccc(cc1)CCO)OC[C@@H](O)C(C)(C)O	",-11.3,,,,D172,
D173,"C1C(=C[C@]2(C1)[C@@H]1[C@H](CC[C@@H]2C)[C@@H](C(=O)O1)C)CO	",-12.3,,,,D173,
D174,"C(=O)(CC[C@@]1([C@H](CCc2c(c(c(cc12)O)C)C=C)C(=C)C)C)OC	",-14,,,,D174,
D175,"O1C(=O)c2c([C@@H]1CCCCCCC)c(c(c(c2)O)O)O	",-13.1,,,,D175,
D176,"c1(c(c(cc(c1)O)O)C(=O)CCCCCCC)CC(=O)OC	",-13.7,,,,D176,
D177,"c1(c(c(cc(c1)O)O)C(=O)CCCCCCCC)CC(=O)OCC	",-14.4,,,,D177,
D178,"C1[C@@H](C[C@]2([C@](C1)([C@@H]1[C@@H](CC2=O)[C@H]2[C@](CC1)([C@H](CC2)[C@@H](/C=C/[C@@H](C(C)C)C)C)C)C)O)O	",-15.5,,,,D178,
D179,"C1[C@@H](C[C@]2([C@](C1)([C@@H]1[C@@H](CC2=O)[C@]2([C@](CC1)([C@H](CC2)[C@@H](/C=C/[C@@H](C(C)C)C)C)C)O)C)O)O	",-15,,,,D179,
D180,"c1(cc(c2c(c1OC)C(=O)OC2)COC)C	",-10.9,,,,D180,
D181,"[C@@]12(C3=CC(=O)OC[C@H]3[C@@H]([C@H]3OC(=O)[C@@](CCC1)([C@@H]23)C)O)C	",-13.9,,,,D181,
D182,"C1C[C@]([C@H]2[C@](C1)([C@H](C(=C)[C@H](C2)O)CC(=O)O)C)(C)C(=O)O	",-13.3,,,,D182,
D183,"c12c(oc(=O)cc1)c(c1c(c2C)cco1)CC=C(C)C	",-14.1,,,,D183,
D184,"N12C(=O)[C@H](OC(=O)[C@@H](N(C(=O)[C@@H](NC(=O)[C@@H](N(C(=O)[C@@H](NC(=O)[C@@H]1CCC2)CO)C)[C@@H](C)CC)Cc1ccc(cc1)OCC=C(C)C)C)C)Cc1ccccc1	",-16.3,,,,D184,
D185,"N12C(=O)[C@H](OC(=O)[C@@H](N(C(=O)[C@@H](NC(=O)[C@@H](N(C(=O)[C@@H](NC(=O)[C@@H]1CCC2)CO)C)C(C)C)Cc1ccc(cc1)OCC=C(C)C)C)C)Cc1ccccc1	",-15.2,,,,D185,
D186,"[C@@]123[C@H]([C@@]4(c5ccccc5N[C@@H]4N1C(=O)[C@](SS2)(N(C3=O)C)[C@H](C)O)[C@]12[C@@H]([C@]34N([C@H]2Nc2c1cccc2)C(=O)[C@](SS3)(N(C4=O)C)[C@H](C)O)O)O	",-12.3,,,,D186,
D187,"N(C(=O)[C@@H](N(C(=O)[C@@H](NC(=O)[C@@H]1N(C(=O)[C@H](O)Cc2ccccc2)CCC1)CO)C)[C@H](CC)C)[C@H](C(=O)O)Cc1ccc(cc1)OCC=C(C)C	",-19,,,,D187,
D188,"C12=CC(=O)OC(C1=C[C@@H]1[C@]3([C@H]([C@H]2C)C[C@@]2([C@@H]4[C@]3([C@@]([C@@H](O[C@@H]4OC2=O)C)(O1)O)C(=O)OC)C)C)(C)C	",-13.7,,,,D188,
D189,"C12=C(C[C@@H]3[C@]4(C(=C1C)C[C@@]1([C@@H]5[C@]4([C@@]([C@@H](O[C@@H]5OC1=O)C)(O3)O)C(=O)OC)C)C)C(OC(=O)C2)(C)C	",-14.9,,,,D189,
D190,"C1(=O)[C@@](C(=O)C2=CN(C(=CC2=C1Cl)/C=C/C(=C/[C@H](CC)C)/C)CCCCN1C=C2C(=O)[C@@](C(=O)C(=C2C=C1/C=C/C(=C/[C@@H](CC)C)/C)Cl)(C)OC(=O)C)(C)OC(=O)C	",-17,,,,D190,
D191,"c1c(cc2c(c1C(=O)OC)c(=O)c1c(o2)cc(c(c1)O)C)O	",-14.4,,,,D191,
D192,"c1cc(c2c(c1O)C(=O)c1c(C2=O)cc(cc1)C)O	",-13.3,,,,D192,
D193,"C(=O)(C(C)C)OC[C@]1([C@H]2[C@@]3(C4=C([C@H]([C@@](CC4)(C)C=C)O)C(=O)[C@@H]2O)[C@@H](C[C@H]1OC(=O)C)C3)C	",-17.6,,,,D193,
D194,O1C(=C(C(=O)[C@]21C(=O)N[C@@]([C@@H]2O)(OC)C(=O)c1ccccc1)C)[C@H]([C@H](/C=C\CC)O)O,-16.6,,,,#N/A,
D195,"O1C(=O)/C=C\[C@](/C=C\[C@@H](/C(=C\CC[C@@H]([C@H]1C)C)/C)OC)(C)O	",-13.4,,,,D195,
D196,"[C@@H]12Cc3c4ccc(cc4[nH]c3[C@@H](N1C(=O)[C@@H]1CCCN1C2=O)C=C(C)C)OC	",-14.9,,,,D196,
D197,"C1[C@H]2[C@@](O[C@@]31c1ccccc1[C@@H]1[C@@H]3CC(C1=C)(C)C)(C(C)(C(=O)c1n2c(=O)c2c(cccc2)n1)C)O	",-13.1,,,,D197,
D198,"c1cccc(c1C(=O)O)N/C(=N/CC(C)(C)O)/C	",-11.5,,,,D198,
D199,"c1cccc(c1C(=O)O)N/C=N/c1occc1	",-12.3,,,,D199,
D200,"c1cccc(c1C(=O)O)/N=C(/C(=O)C)\C	",-10.9,,,,D200,
D201,"CC(=CCc1ccc2c(c1OC)C(=O)OCc1cc(C)cc(c1O2)O)C	",-15.5,,,,D201,
D202,"CC(C)C[C@@H](c1ccc2c(c1OC)C(=O)OCc1cc(C)cc(c1O2)O)O	",-15.7,,,,D202,
D203,"C[C@H]1C[C@@H]([C@@H]2[C@@](C)(C(=O)CCO)[C@@](C)(C=C[C@]2(C1)O)O)O	",-12.3,,,,D203,
D204,"c1(c(cc2c(c1O)C(=O)c1c(C2=O)cc(c(c1O)[C@H](CCCCC)O)O)OC)Cl	",-14.2,,,,D204,
D205,"C=C[C@H]1CC[C@@]2([C@@H]3CC[C@H](C(C)(C)C3=C(C(=O)C2=C1)O)O)O	",-13.7,,,,D205,
D206,"C=C[C@@]1(C)CC[C@]2(C(=C1)C(=O)C(=C1C(C)(C)CC[C@H]([C@]21C)O)O)O	",-13.4,,,,D206,
D207,"C=C[C@]1(C)C=C2C(=O)[C@@]3([C@]4(C(C)(C)CCC[C@]4(CO3)[C@]2([C@@H](C1)O)O)O)O	",-13,,,,D207,
D208,"C[C@H]1C/C=C/[C@H]2[C@H]3[C@@](C)([C@@H](C)[C@H]4[C@H](Cc5ccccc5)N=C([C@@]24C(=O)/C=C/C(=O)[C@@H](/C(=C/1)/C)OC(=O)C)O)O3	",-12.4,,,,D208,
D209,"[C@@]123OC(=O)CC/C=C(/C(=O)[C@H](C/C=C/[C@H]1[C@@H](C(=C)[C@H]([C@H]2[C@@H](NC3=O)Cc1ccccc1)C)O)C)\C	",-17.6,,,,D209,
D210,"C=C1CC[C@H]2[C@@](C)(CC[C@H]3C(C)(C)[C@H](CC[C@]23C)OC(=O)C)[C@@H]1Cc1c(cc(C)oc1=O)O	",-15.1,,,,D210,
D211,"C/C(=C/Cc1c(cc(C)oc1=O)O)/CC/C=C(/C)\CC[C@@H]1C(=C)CC[C@@H](C1(C)C)OC(=O)C	",-17.1,,,,D211,
D212,"c1(c(cc(cc1)Cc1c(cc(c(c1)C(CCCC(C)C)(C)C)O)CO)O)[C@@](CCCC(C)C)(C)O	",-16.7,,,,D212,
D213,"Br/C=C/C#CCCCCCC/C=C/C#CCCCCCCCC(=O)N[C@@H](CCl)N	",-14.2,,,,D213,
D214,"CC(=CCC/C(=C\COc1cc2[C@@H](C)N(c3ccc(cc3OCC=C(C)C)OC)C(=O)c2c(c1C)OC)/C)C	",-17.2,,,,D214,
D215,"CC(=CCC/C(=C\COc1cc2[C@H](C)N(c3ccc(cc3OCC=C(C)C)OC)C(=O)c2c(c1C)OC)/C)C	",-16.9,,,,D215,
D216,"c1ccc2c(c1)c(c(c(=O)[nH]2)OC)c1cc(ccc1)O	",-13.5,,,,D216,
D217,"C1(=O)[C@@]([C@@H]([C@@H]2C(=C1)C=C(OC2)/C=C/[C@@]([C@H]([C@H](CC)C)O)(O)C)O)(O)C	",-12.8,,,,D217,
D218,"C1(=O)[C@@]([C@@H]([C@@H]2C(=C1Cl)C=C(OC2)/C=C/[C@H]([C@@]([C@H]([C@@H](CC)C)O)(O)C)O)O)(O)C	",-13.7,,,,D218,
D219,"c1(ccc(o1)CO)C=O	",-6.9,,,,D219,
D220,"Cc1cc(c2c(c1)oc1C[C@H]3[C@H]4[C@@H](c1c2=O)c1c(c(=O)c2c(cc(C)cc2o1)O)[C@@]4(C(=O)OC)O[C@@]3(C(=O)OC)O)O	",-12.8,,,,D220,
D221,"c1c(cc2c(c1O)c(=O)c1c(o2)CC[C@H]1OC)C	",-12.1,,,,D221,
D222,"CCCCCC[C@@H](C)C(=O)C1=C([C@@]2([C@H](C)[C@@H]3c4c(cc(c(C)c4[C@H](C)[C@@H](C)O3)O)O2)N(C)C1=O)O	",-15.5,,,,D222,
D223,"CC(C)C[C@H]1[C@@H]2[C@H](C)C(=C[C@@H]3/C=C(/C)\CCCC(=O)C[C@H](C(=O)[C@@]23C(=N1)O)SC)C	",-13.1,,,,D223,
D224,CC[C@@H](C)[C@@H]1C(=O)N(C)[C@H]([C@H](c2ccccc2)O)/C(=N/c2ccccc2/C(=N/[C@H](C)/C(=N/1)/O)/O)/O,-15.3,,,,#N/A,
D225,"Cc1cc(c(C)c(c1)O[C@@H]1C(=O)C(=C(C(=O)[C@@]1(C)OC)O)C)O	",-14.3,,,,D225,
D226,"Cc1cc(c(C)c2c1C(=O)[C@]1(C(=O)C(=C(C(=O)[C@@]1(C)OC)O)C)O2)O	",-13.5,,,,D226,
D227,"CC(=CCc1c(C)cc(cc1Oc1cc(C)cc(c1)O)O)C	",-15,,,,D227,
D228,"CC(C)C(=O)Cc1c(C)cc(cc1Oc1cc(C)cc(c1)O)O	",-15,,,,D228,
D229,"C[C@H]1C[C@H]2[C@H](C)Oc3c(cnc(c3[C@@H]2[C@@H](C)[C@@H]1O)O)c1ccc(cc1)O	",-14.6,,,,D229,
D230,"c1(cc(c2c3c1[C@H](OC(=O)c3c(cc2C)O)C(=O)OC)O)O	",-13.8,,,,D230,
D231,"c1(cc(c2c3c1COC(=O)c3c(cc2C)O)O)O	",-12.2,,,,D231,
D232,"[C@@H]12[C@@H](C(=O)[C@@H](NC1=O)CC(=C)C)CCC2	",-11.3,,,,D232,
D233,"c1ccc2c(c1)c(cn2C)C(=O)N1CCN(CC1)c1c(cccc1)OC	",-14.6,,,,D233,
D234,"COC(=O)[C@H]1[C@@H](C=Cc2c1c(=O)c1c(cc(cc1o2)CO)O)O	",-13.4,,,,D234,
D235,"CC1(C)C[C@@H]2[C@H](C1)[C@@H]([C@@]1(C)CCC(=C21)C(=O)O)O	",-12.6,,,,D235,
D236,"C(=O)(C)O[C@@H]1[C@]23[C@@H]([C@@H]([C@H]([C@@H](/C=C(/C1)\C)O)O)[C@@H](O3)O)CC2(C)C	",-12.8,,,,D236,
D237,"C(=O)(C)O[C@@H]1[C@]23[C@@H]([C@@H]([C@H]([C@@H](/C=C(\C1)/C)O)OC)[C@@H](O3)O)CC2(C)C	",-13.4,,,,D237,
D238,C1CC([C@]2([C@]3(C1)[C@@H]1C(=C[C@@](CC1=O)(C)C=C)C(=O)[C@]2(O)OC3)O)(C)C,-12.9,,,,#N/A,
D239,"C1CC(C2=C(C(=O)C3=C[C@@](CC(=O)[C@@]3([C@]2(C1)C)O)(C)C=C)O)(C)C	",-13.8,,,,D239,
D240,"C1CC([C@]2([C@]3(C1)[C@@]1(C(=C[C@@](C[C@H]1O)(C)C=C)C(=O)[C@]2(O)OC3)O)O)(C)C	",-13.7,,,,#N/A,
D241,"COc1ccc2cc(c(=O)oc2c1OC)NC(=O)C1=NO[C@H]2[C@@H](C=C[C@H]([C@]2(C1)O)Cl)O	",-15.1,,,,D241,
D242,"c1(cc(c2c(c1)oc1c(c2=O)C[C@H]([C@@]1(O)C(=O)OC)SC[C@@H](C(=O)OC)O)O)C	",-14.5,,,,D242,
D243,"CC(C)Cc1c(=O)n(c(cn1)[C@H](C(C)C)O)O	",-11.5,,,,D243,
D244,"CC(C)Cc1cnc(CC(C)C)c(=O)n1O	",-11.2,,,,D244,
D245,"c1cc2[C@H](CCC(=O)c2c(c1)O)O	",-9.6,,,,D245,
D246,"Cc1cc(c2c(c1)oc1c(C[C@@H]([C@](CC(=O)OC)(C(=O)OC)O)S1)c2=O)O	",-13.9,,,,D246,
D247,"C1c2oc3c(c(=O)c2C(=O)C1)c(O)cc(c3)C	",-11.6,,,,D247,
D248,"C[C@@]1(Cc2c(C[C@H]1O)c(c1C(=O)C=C(C(=O)c1c2O)OC)O)O	",-13.4,,,,#N/A,
D249,"C1CC(=[NH2+])N[C@@H]1c1n(c(=O)c2c(n1)cccc2)c1c(C(=O)O)cccc1	",-16.2,,,,D249,
D250,c12c(cc(cc1oc1c(c2=O)[C@]2([C@H]3[C@@H]1c1c(C[C@@H]3[C@](O2)(C(=O)OC)O)oc2c(c1=O)c(cc(c2)C)O)C(=O)OC)C)O,-17.9,,,,D250,
D251,c12c(cc(cc1oc1c(c2=O)[C@]2([C@H]3[C@@H]1c1c(C[C@H]3[C@@](O2)(C(=O)OC)O)oc2c(c1=O)c(cc(c2)C)O)C(=O)OC)C)O,-18.5,,,,D251,
D252,c1ccc2c(c1C(=O)OC)c(=O)c1c(cc(cc1O)CO)o2,-13.6,,,,D252,
D253,c1(ccc2c(c1C(=O)OC)c(=O)c1c(cc(cc1O)C)o2)O,-13.5,,,,D253,
D254,c1ccc2c(c1C(=O)OC)c(=O)c1c(cc(cc1O)C)o2,-13.5,,,,D254,
D255,c1c(cc2c(c1C(=O)OC)c(=O)c1c(cc(cc1O)CO)o2)O,-14.1,,,,D255,
D256,c1c(cc(c(c1C(=O)OC)C(=O)c1c(cccc1O)O)O)C,-13.7,,,,D256,
D257,c1(cc(c2c(c1)[C@](OC2=O)(c1c(c(ccc1O)CC=C(C)C)O)C)O)C,-16.3,,,,D257,
D258,O=C1c2cc(OC)cc(O)c2[C@H](c2c(O)cc(C)cc2O)[C@H]1c1cc(OC)cc2c1c(=O)c1c(o2)cc(C)cc1O,-12.3,,,,D258,
D259,c12c(cc(cc1oc1c(c2=O)c(cc(c1)OC)[C@H]1[C@@H](c2c(C1=O)cc(cc2O)OC)c1c(cc(cc1O)C)O)C)O,-15.2,,,,D259,
D260,c1cc(c2c(c1)oc1c(c2=O)c(cc2c1[C@]1([C@@](O2)(O[C@@H](C1)OC)C)C)OC)O,-15.6,,,,D260,
D261,[C@H]1(CC(=C2[C@@]([C@H]1O)(Oc1c(C2=O)c(ccc1c1c(O)c2C(=O)C3=C(O)C[C@@H]([C@H]([C@@]3(Oc2cc1)C(=O)OC)O)C)O)C(=O)OC)O)C,-19,,,,D261,
D262,[C@@H]1(CC(=C2[C@]([C@H]1O)(Oc1c(C2=O)c(c(cc1)c1ccc2c(c1O)C(=O)C1=C(C[C@@H]([C@@H]([C@@]1(O2)C(=O)OC)O)C)O)O)C(=O)OC)O)C,-16.7,,,,D262,
D263,C1[C@@](Oc2c(C1=O)c(ccc2c1ccc(c2c1O[C@](CC2=O)(C(=O)OC)[C@@H]1[C@H](CC(=O)O1)C)O)O)([C@]1([C@H](CC(=O)O1)C)C)C(=C)OC,-18.5,,,,D263,
D264,c1c(cc2c(c1O)oc(cc2=O)c1c(c(cc(c1)O)O)O)O,-13.8,,,,D264,
D265,c12c(c(ccc1O)[C@@H]1CCC(=O)c3c1cccc3O)C(=O)[C@H]([C@@H]([C@@H]2OC)O)Cl,-15.3,,,,D265,
D266,c12c(c(ccc1O)[C@@H]1CCC(=O)c3c1cccc3O)C(=O)CC[C@@H]2OC,-15.6,,,,D266,
D267,c12c(c(ccc1O)[C@@H]1CCC(=O)c3c1cccc3O)C(=O)[C@](C2=O)(CC(=O)C)O,-14.7,,,,D267,
D268,c1(cc(cc(c1)C[C@H](OC(=O)C[C@@H](C)O)C)O)O,-11.9,,,,D268,
D269,O1[C@@H](CC(=O)O[C@@H](CC(=O)Cc2c(C1=O)c(cc(c2)O)O)C)C,-15.6,,,,D269,
D270,c1c(cc(c(c1O)C(=O)O[C@@H](CC(=O)O[C@@H](Cc1cc(cc(c1)O)O)C)C)C[C@H](OC(=O)C[C@H](O)C)C)O,-17.8,,,,D270,
D271,C([C@@H](C)O)C(=O)Cc1cc(cc(c1C(=O)O[C@@H](CC(=O)O[C@@H](Cc1c(c(cc(c1)O)O)C(=O)O[C@@H](CC(=O)O)C)C)C)O)O,-18.7,,,,D271,
D272,c1c(cc(c(c1CCC(=O)/C=C/C)C(=O)O[C@@H](CC(=O)O[C@@H](Cc1c(c(cc(c1)O)O)C(=O)O[C@@H](CC(=O)O[C@@H](Cc1cc(cc(c1)O)O)C)C)C)C)O)O,-20.2,,,,D272,
D273,c1c(cc(c(c1C)C(=O)O[C@@H](CC(=O)O[C@@H](Cc1c(c(cc(c1)O)O)C(=O)O[C@@H](CC(=O)O[C@@H](Cc1cc(cc(c1)O)O)C)C)C)C)O)O,-19.6,,,,D273,
D274,c1(cc(c2c(c1)CC(=O)O[C@H](CCC/C=C/C2=O)C)O)O,-13.2,,,,D274,
D275,c1(cc(c2c(c1)CC(=O)O[C@H](CCCCCC2=O)C)O)O,-13.3,,,,D275,
D276,c1(cc(c2c(c1)CC(=O)O[C@H](CCCCC2=O)[C@@H](C)O)O)O,-13.7,,,,D276,
D277,c1(cc(c2c(c1)CC(=O)O[C@@H](CCCC2=O)C[C@H](C)O)O)O,-13.3,,,,D277,
D278,c1(cc(c2c(c1)CC(=O)O[C@H](CCCC2=O)C[C@H](C)O)O)O,-14,,,,D278,
D279,C1/C=C/C(=O)C[C@H](C[C@H](CC(=O)O[C@@H]1C)O)OC,-11.6,,,,D279,
D280,C1CC[C@H](CCC[C@H](CC(=O)O[C@@H]1C)O)O,-10.6,,,,D280,
D281,C1[C@H](C[C@H](C/C=C/[C@H](CC(=O)O[C@@H]1C)O)O)O,-11,,,,D281,
D282,C1[C@H]2[C@H]([C@H](C/C=C/[C@H](CC(=O)O[C@@H]1C)O)O)O2,-11.3,,,,D282,
D283,C1CC[C@H](C/C=C/[C@H](CC(=O)O[C@@H]1C)O)O,-10.8,,,,D283,
D284,C1/C=C/[C@H](C/C=C/[C@H](CC(=O)O[C@@H]1C)O)O,-11.1,,,,D284,
D285,C1CC[C@@H](C/C=C/[C@H](CC(=O)O[C@@H]1C)O)O,-10.6,,,,D285,
D286,C1/C=C/[C@@H](C/C=C/[C@H](CC(=O)O[C@@H]1C)O)O,-10.8,,,,D286,
D287,C1CCC(=O)C/C=C/[C@H](CC(=O)O[C@@H]1C)O,-11,,,,D287,
D288,C1[C@H](CC(=O)C/C=C/[C@H](CC(=O)O[C@@H]1C)O)O,-11.6,,,,D288,
D289,C1[C@H](CC(=O)C/C=C/[C@H](CC(=O)O[C@@H]1C)O)OC,-11.3,,,,D289,
D290,C1[C@@H](CC(=O)C/C=C/[C@H](CC(=O)O[C@@H]1C)O)O,-11.6,,,,D290,
D291,C1[C@@H](CC(=O)C/C=C/[C@H](CC(=O)O[C@@H]1C)O)OC,-11.8,,,,D291,
D292,[C@H]1([C@@H]([C@@H]2[C@@H](CC1)[C@@]([C@@H](C(=C2)CO)/C(=C/C)/C)(/C=C/C=C/C=C/C=C/C(=O)O)C)O)C,-16.3,,,,D292,
D293,[C@H]1([C@@H]([C@@H]2[C@@H](CC1)[C@@]([C@@H](C(=C2)C)/C(=C/C)/C)(/C=C/C=C/C=C/C=C/C(=O)O)C)O)C,-15.6,,,,D293,
D294,c1cc(c2c(c1)C(=O)c1c(C2=O)c(c2c(-c3c(C[C@H]2O)cc(c(c3O)C(=O)O)CC(=O)C)c1O)OC)O,-16.7,,,,D294,
D295,c1cc(c2c(c1)C(=O)c1c(C2=O)c(c2c(-c3c(C[C@H]2O)cc2c(c3O)C(=O)O[C@@](C2)(OC)C)c1O)OC)O,-16.9,,,,D295,
D296,c1cc(c2c(c1)C(=O)c1c(C2=O)c(c2c(-c3c(C[C@H]2O)cc2c(c3O)C(=O)O[C@@](C2)(O)C)c1O)OC)O,-15.7,,,,D296,
D297,c1cc(c2c(c1)C(=O)c1c(C2=O)c(c2c(-c3c(C[C@H]2OC(=O)CC)cc2c(c3O)C(=O)O[C@H](C2)C)c1O)OC)O,-16,,,,D297,
D298,c1cc(c2c(c1)C(=O)c1c(C2=O)c(c2c(-c3c(C[C@H]2OC(=O)C(C)C)cc2c(c3O)C(=O)O[C@H](C2)C)c1O)OC)O,-18,,,,D298,
D299,c1(c(cc(c2c1cccc2O)O)c1ccccc1)c1cc(c(c(=O)o1)Cc1c(=O)oc(cc1O)[C@H]1[C@](CC(=O)c2c1cccc2O)(c1ccccc1)O)O,-21.3,,,,D299,
D300,[C@@H]1(CC[C@@H](O[C@@H]1C)O[C@H]1[C@](C[C@@H](O[C@@H]1C)O[C@H]1[C@@H]([C@H](O[C@H](C1)c1c(c2c(cc1)C(=O)C1=C(C2=O)[C@@H]([C@@H]([C@@]2([C@]1([C@H](C=C([C@H]2O)C)O[C@H]1O[C@H]([C@H]([C@@H](C1)OC)O)C)O)O)CC(=O)C)C)O)C)O)(O)C)OC(=O)N,-18,,,,D300,
D301,[C@@H]1(CC[C@@H](O[C@@H]1C)O[C@H]1[C@](C[C@@H](O[C@@H]1C)O[C@H]1[C@@H]([C@H](O[C@H](C1)c1c(c2c(cc1)C(=O)C1=C(C2=O)[C@@H]([C@@H]([C@@]2([C@]1([C@H](C=C(C2)C)O[C@H]1O[C@H]([C@H]([C@@H](C1)OC)O)C)O)O)CC(=O)C)C)O)C)O)(O)C)OC(=O)N,-19.6,,,,D301,
D302,c1(c(cc2c(c1C)c(c1c(c2)C(=O)[C@]2([C@@](C1=O)(C(=CC(=O)[C@@H]2OC)OC)O)O)O)OC)C(=O)OC,-15,,,,#N/A,
D303,c1(c(cc2c(c1C)c(c1c(c2)[C@@H](OC1=O)[C@]1([C@@H](C(=CC(=O)[C@@H]1OC)OC)O)O)O)OC)C(=O)OC,-16.2,,,,#N/A,
D304,c1(c(cc2c(c1C)c(c1c(c2)[C@H](OC1=O)[C@]1([C@@H](C(=CC(=O)[C@@H]1OC)OC)O)O)O)OC)C(=O)OC,-16,,,,#N/A,
D305,[C@H]1(C[C@H]([C@@H]([C@H]2[C@@]1(C=C([C@H]([C@@H]2/C=C(/C(=O)O)\C)/C(=C/C[C@@H](C[C@H](C[C@H]([C@@H]([C@H](C(C)C)O)C)O)O)O)/C)C)C)C)O)O,-16.1,,,,D305,
D306,[C@H]1(CC[C@@H]([C@H]2[C@@]1(C=C([C@H]([C@@H]2/C=C(/C(=O)O)\C)/C(=C/C[C@@H](C[C@H](C[C@H]([C@@H]([C@H](C(C)C)O)C)O)O)O)/C)C)C)C)O,-17.1,,,,D306,
D307,[C@H]1(CC[C@@H]([C@H]2[C@@]1(C=C([C@H]([C@@H]2/C=C(/C(=O)O)\C)/C(=C/C[C@@H](C[C@H]([C@@H]([C@H](C(C)C)O)C)O)O)/C)C)C)C)O,-15.4,,,,D307,
D308,[C@H]1([C@H]([C@H]([C@@H]([C@H]2[C@@]1(C=C([C@H]([C@@H]2/C=C(/C(=O)O)\C)/C(=C/C[C@@H](C[C@H]([C@@H]([C@H](C(C)C)O)C)O)O)/C)C)C)C)O)O)O,-15.6,,,,D308,
D309,C[C@H]1CCC(=O)O[C@H](C)[C@@H](CO[C@H]2[C@@H]([C@@H]([C@@H]([C@@H](C)O2)O)OC)OC)[C@H]2[C@H](/C=C/C(=O)[C@](C)(C[C@H](C)[C@H]1O[C@H]1[C@@H]([C@H](C[C@@H](C)O1)OC)O)O)O2,-15.5,,,,D309,
D310,C1(=C2[C@]34[C@H](C(=O)[C@H](CC1)C)[C@H]([C@@H]1[C@@]3(OC2=O)C[C@@H]([C@]([C@H]1O)(C)O4)C)S[C@@H]1CC(=O)[C@H](CCC(=O)C2=C3[C@]4([C@@H]1[C@@H]([C@@]([C@H](C4)C)(C)O3)O)OC2=O)C)O,-12.9,,,,#N/A,
D311,C1(=C2[C@]34[C@H](C(=O)[C@H](CC1)C)[C@H]([C@@H]1[C@@]3(OC2=O)C[C@@H]([C@]([C@H]1O)(C)O4)C)S[C@@H]1[C@@H]2[C@@]34[C@]5([C@@H]1[C@@H]([C@@]([C@H](C5)C)(C)O3)O)OC(=O)C4=C(CC[C@@H](C2=O)C)O)O,-13.6,,,,D311,
D312,[C@@H]12[C@H](CC(=O)[C@H](CCC1=O)C)[C@@H]1[C@@]3(OC2=O)C[C@@H]([C@]([C@H]1O)(C)OC3=O)C,-13.9,,,,D312,
D313,C1(=O)C[C@H]([C@@H]2[C@@]34C(=C(C(=O)CC[C@@H]1C)C(=O)O3)O[C@@]([C@H](C4)C)([C@H]2O)C)[C@@H]1C(=O)C(=C(O1)O)C,-14.2,,,,#N/A,
D314,C(=O)(/C=C/[C@@H]1[C@@]23C(=C(C(=O)CC[C@H](C)O)C(=O)O2)O[C@@]([C@H](C3)C)([C@H]1O)C)O,-15.2,,,,#N/A,
D315,C1(=O)/C=C/[C@@H]2[C@@]34C(=C(C(=O)CC[C@H](C)O1)C(=O)O3)O[C@@]([C@H](C4)C)([C@H]2O)C,-14.6,,,,#N/A,
D316,C1[C@@]23[C@@H]([C@H]4/C(=C(\CC[C@H](C)OC(=O)C4)/O)/C(=O)O2)[C@H]([C@@](OC3=O)([C@@H]1C)C)O,-14,,,,D316,
D317,O1[C@H]([C@H]([C@H](C[C@@H]1O[C@@H]1C[C@@](O[C@@H]([C@H]1CC)C)([C@H]([C@@H]([C@@H]([C@@H]1[C@H](/C=C/C=C/C(=C)O[C@@H]([C@H](/C=C/C=C/C(=O)O1)C)[C@H]([C@H]([C@@H]([C@]1(C[C@H]([C@@H]([C@H](O1)C)C)O[C@H]1C[C@@H]([C@@H]([C@@H](O1)C)O)O)O)C)O)C)C)C)O)C)O)O)O)C,-19.8,,,,D317,
D318,O1[C@H]([C@H]([C@H](C[C@@H]1O[C@@H]1C[C@@](O[C@@H]([C@H]1CC)C)([C@H]([C@@H]([C@@H]([C@@H]1[C@H](/C=C/C=C/C(=C)O[C@@H]([C@H](/C=C/C=C/C(=O)O1)C)[C@H]([C@H]([C@@H]([C@]1(C[C@H]([C@@H]([C@H](O1)C)CC)O[C@H]1C[C@@H]([C@@H]([C@@H](O1)C)O)O)OC)C)O)C)C)C)O)C)OC)O)O)C,-19.9,,,,D318,
D319,O1[C@H]([C@H]([C@H](C[C@@H]1O[C@@H]1C[C@@](O[C@@H]([C@H]1CC)C)([C@H]([C@@H]([C@@H]([C@@H]1[C@H](/C=C/C=C/C(=C)O[C@@H]([C@H](/C=C/C=C/C(=O)O1)C)[C@H]([C@H]([C@@H]([C@]1(C[C@H]([C@@H]([C@H](O1)C)CC)O[C@H]1C[C@@H]([C@@H]([C@@H](O1)C)O)O)O)C)O)C)C)C)O)C)OC)O)O)C,-19.9,,,,D319,
D320,O1[C@H]([C@H]([C@H](C[C@@H]1O[C@@H]1C[C@@](O[C@@H]([C@H]1CC)C)([C@H]([C@@H]([C@@H]([C@@H]1[C@H](/C=C/C=C/C(=C)O[C@@H]([C@H](/C=C/C=C/C(=O)O1)C)[C@H]([C@H]([C@@H]([C@]1(C[C@H]([C@@H]([C@H](O1)C)CC)O[C@H]1C[C@@H]([C@@H]([C@@H](O1)C)O)O)O)C)O)C)C)C)O)C)O)O)O)C,-19,,,,D320,
D321,O1[C@H]([C@H]([C@H](C[C@@H]1O[C@@H]1C[C@@](O[C@@H]([C@H]1CC)C)([C@H]([C@@H]([C@@H]([C@@H]1[C@H](/C=C/C=C/C(=C)O[C@@H]([C@H](/C=C/C=C/C(=O)O1)C)[C@H]([C@H]([C@@H]([C@]1(C[C@H]([C@@H]([C@H](O1)C)C)O[C@H]1C[C@@H]([C@@H]([C@@H](O1)C)O)O)OC)C)O)C)C)C)O)C)OC)O)O)C,-19.4,,,,D321,
D322,O1[C@H]([C@H]([C@H](C[C@@H]1O[C@@H]1C[C@@](O[C@@H]([C@H]1CC)C)([C@H]([C@@H]([C@@H]([C@@H]1[C@H](/C=C/C=C/C(=C)O[C@@H]([C@H](/C=C/C=C/C(=O)O1)C)[C@H]([C@H]([C@@H](C1=C[C@H]([C@@H]([C@H](O1)C)CC)O[C@H]1C[C@@H]([C@@H]([C@@H](O1)C)O)O)C)O)C)C)C)O)C)O)O)O)C,-18.5,,,,D322,
D323,CC(=C1C(=O)/C(=C\2/C=CC[C@H](C)O2)/C(=N1)O)C,-11.8,,,,#N/A,
D324,C[C@@H]1[C@H](OC=C2C1=C(C(=C(C2=O)Cc1c(c(c(oc1=O)C)C)O)O)C)C,-15.7,,,,#N/A,
D325,C[C@@H]([C@H]1C=C(C(=O)O1)CC(=O)C)O,-9.1,,,,D325,
D326,C1(OC(=O)C(=C1)CC[C@H](C)O)(C)C,-9.4,,,,D326,
D327,[C@H]1(OC(=O)C(=C1)[C@@H]([C@@H](C)O)O)[C@H](C)O,-9.3,,,,D327,
D328,[C@H]1(OC(=O)C(=C1)[C@H]([C@H](C)O)O)[C@H](C)O,-9.3,,,,D328,
D329,[C@H]1(OC(=O)C(=C1)[C@@H]([C@@H](C)O)OC)[C@H](C)O,-9.4,,,,D329,
D330,[C@H]1(OC(=O)C(=C1)C[C@@H](C)O)[C@H](C)O,-9,,,,D330,
D331,[C@H]1(OC(=O)C(=C1)C[C@H](C)O)[C@H](C)O,-8.9,,,,D331,
D332,[C@H]1([C@H](OC(=O)C(=C1)[C@@H]([C@@H](C)O)OC)C)O,-9.7,,,,D332,
D333,[C@H](/C=C(/C=C/C(=C)C)\CO)(C)O,-8.8,,,,D333,
D334,[C@@H]1(OC(=O)/C(=C/[C@H](C)O)/[C@H]1O)[C@@H](C)O,-9.3,,,,D334,
D335,[C@H]1(OC(=O)C(=C1)CC(=O)[C@H](C)O)C,-9.3,,,,D335,
D336,[C@H]1([C@H](OC(=O)C(=C1)CC(=O)C)C)C,-9.4,,,,D336,
D337,C1(=O)[C@]([C@H](C(=C1C)[C@@H](CC/C=C/C)O)O)(O)C,-11.4,,,,D337,
D338,C1(=O)[C@@H]([C@H](C)CC)NC(=O)[C@@H](NC(=O)[C@H](NC(=O)[C@@H](NC(=O)[C@H](NC(=O)[C@H](NC(=O)C[C@H](OC(=O)[C@H](N1)[C@H](CC)C)CCCCCCCCCCCCCC)CCC(=O)OC)CC(C)C)CC(C)C)CC(C)C)CC(=O)OC,-10.7,,,,D338,
D339,C1(=O)[C@@H]([C@H](C)CC)NC(=O)[C@@H](NC(=O)[C@H](NC(=O)[C@@H](NC(=O)[C@H](NC(=O)[C@H](NC(=O)C[C@H](OC(=O)[C@H](N1)[C@H](CC)C)CCCCCCCCCCCCCCC)CCC(=O)OC)CC(C)C)CC(C)C)CC(C)C)CC(=O)OC,-13.9,,,,D339,
D340,C1(=O)[C@H]2N(C(=O)[C@H](NC(=O)[C@H]([C@H](OC(=O)[C@@H](N(C)C(=O)CN1C)C(C)C)C)NC(=O)c1ccc(c3c1Nc1c(O3)c(c3c(c1C(=O)N[C@H]1[C@@H](C)OC(=O)[C@H](C(C)C)N(C(=O)CN(C)C(=O)[C@@H]4CCCN4C(=O)[C@@H](C(C)C)NC1=O)C)nc(o3)CCC(=O)O)C)C)C(C)C)CCC2,-10.9,,,,D340,
D341,[C@H](CCCCCCCCCCCCC)([C@@H]1OC(=O)[C@H](NC(=O)CN(C(=O)/C=C/C(=C)NC(=O)[C@H]1C)C)[C@@H](C(=O)N)O)C,-16.7,,,,D341,
D342,[C@H](CCCCCCCCCCCCCC)([C@@H]1OC(=O)[C@H](NC(=O)CN(C(=O)/C=C/C(=C)NC(=O)[C@H]1C)C)[C@@H](C(=O)N)O)C,-16.3,,,,D342,
D343,[C@H](CCCCCCCCCCCCCCC)([C@@H]1OC(=O)[C@H](NC(=O)CN(C(=O)/C=C/C(=C)NC(=O)[C@H]1C)C)[C@@H](C(=O)N)O)C,-16,,,,D343,
D344,S1SSC[C@H]2NC(=O)[C@H](NC(=O)C[C@@H](/C=C/CC1)OC(=O)[C@@H](NC(=O)/C(=C/C)/NC2=O)C(C)C)C(C)C,-8.9,,,,D344,
D345,[C@H]1(C(=O)NCC(=O)N([C@H](C(=O)N[C@H](C(=O)N1C)C)c1ccccc1)C)Cc1ccccc1,-14.1,,,,D345,
D346,C1(=O)[C@H](NC(=O)CC(=O)/C=C/C[C@H](OC(=O)[C@@H]2N1CCC2)CCC)Cc1ccccc1,-15.8,,,,D346,
D347,c1(ccc(cc1)C[C@@H](C(=O)N[C@H](C(=O)N[C@@H](C(=O)O)C(C)C)Cc1c2c([nH]c1)cccc2)N)O,-17.7,,,,D347,
D348,c1(ccc(cc1)O)C[C@@H](C(=O)N[C@H](C(=O)N[C@@H](C(=O)N[C@@H](C(=O)O)C(C)C)C(C)C)C)N,-16.2,,,,D348,
D349,c1c(ccc(c1)C[C@@H](NC(=O)[C@@H](NC(=O)[C@@H](NC(=O)[C@@H](N)C)C(C)C)C(C)C)C(=O)O)O,-16.3,,,,D349,
D350,c1(ccccc1)C[C@H](N(C(=O)[C@@H](N)C(C)C)C)C(=O)N[C@H](C(=O)Nc1ccccc1C(=O)O)CC(C)C,-18.2,,,,D350,
D351,c1(ccccc1)C[C@@H](N(C(=O)[C@@H](N)[C@@H](CC)C)C)C(=O)N[C@H](C(=O)Nc1ccccc1C(=O)O)C(C)C,-18,,,,D351,
D352,c1(ccccc1)C[C@@H](N(C(=O)[C@@H](NC(=O)C)[C@@H](CC)C)C)C(=O)N[C@H](C(=O)O)CC(C)C,-16.6,,,,D352,
D353,c1(ccc(cc1)O)C[C@@H](N(C(=O)[C@@H](NC(=O)C)[C@@H](CC)C)C)C(=O)N[C@H](C(=O)O)CC(C)C,-16.3,,,,D353,
D354,c1(ccc(cc1)O)C[C@@H](N(C(=O)[C@@H](NC(=O)C)[C@@H](CC)C)C)C(=O)N[C@H](C(=O)OC)CC(C)C,-16.6,,,,D354,
D355,c1(ccccc1)C[C@@H](N(C(=O)[C@@H](NC(=O)C)C(C)C)C)C(=O)N[C@H](C(=O)O)CC(C)C,-16.8,,,,D355,
D356,c1(ccc(cc1)O)C[C@@H](N(C(=O)[C@@H](NC(=O)C)[C@@H](CC)C)C)C(=O)O,-15.4,,,,D356,
D357,c1cc(ccc1)C[C@@H]1NC(=O)CN(C(=O)[C@H]2N(C(=O)[C@H](N(C(=O)[C@@H](NC(=O)[C@@H](NC(=O)[C@@H](N(C1=O)C)Cc1ccc(cc1)O)C(C)C)CC(C)C)C)Cc1ccccc1)CCC2)C,-12,,,,D357,
D358,c1cc(ccc1)C[C@@H]1NC(=O)CN(C(=O)[C@H]2N(C(=O)[C@H](N(C(=O)[C@@H](NC(=O)[C@@H](NC(=O)[C@@H](N(C1=O)C)Cc1ccc(cc1)O)[C@H](C)CC)CC(C)C)C)Cc1ccc(cc1)O)CCC2)C,-13.4,,,,D358,
D359,c1ccc2c(c1)c(c[nH]2)Cc1cncc(n1)C,-12.8,,,,D359,
D360,C(=O)([O-])[C@H](CSc1ccc[n+]2c1[C@]([C@H]([C@@H]2/C=C(\C)/C=C/C1CC1)O)(C)O)CC(=O)C,-15.2,,,,D360,
D361,c1(occc1)c1cncc(n1)C[C@@H]([C@H](CO)O)O,-11.2,,,,D361,
D362,c1ccc2c(c1)c1c([nH]2)c(nc(c1)C(=O)O)c1cc(oc1)CO,-15.2,,,,D362,
D363,c1ccc2c(c1)c1c([nH]2)c(ncc1)c1cc(oc1)CO,-13.6,,,,D363,
D364,c1cccc2c1[nH]cc2C=O,-9.4,,,,D364,
D365,c1cc(c(cc1)NC[C@]1([C@H]([C@@H]([C@H](O1)CO)O)O)OC)C(=O)O,-13.3,,,,D365,
D366,c1cc(c2c(c1)c(c([nH]2)/C=C(/[C@@H](CO)O)\O)Nc1c(C(=O)O)cccc1)C(=O)O,-18.2,,,,D366,
D367,c1cc(c2c3c1N[C@H](C(=O)N[C@@H](Cc3c[nH]2)CO)[C@H](CC)C)C(C)(C)C=C,-15.2,,,,D367,
D368,c1cc(c2c3c1N[C@H](C(=O)N[C@@H](Cc3c[nH]2)CC[C@H]1O[C@H]([C@@H]([C@H]([C@@H]1O)O)O)CO)C(CC)(C)C)C(C)(C)C=C,-17.5,,,,D368,
D369,c1cc2c(cc1)c(c[nH]2)[C@]1(c2ccccc2NC1=O)OC,-13.7,,,,D369,
D370,c1cc2c(cc1)c(c[nH]2)[C@@]1(c2ccccc2NC1=O)OC,-14.8,,,,D370,
D371,c12c([nH]c(=O)n(c1=O)[C@@H]1c3ccccc3NC1=O)cccc2,-14.1,,,,D371,
D372,c1cc2c(cc1)c(c[nH]2)[C@@]1(c2ccccc2NC1=O)C1=CN[C@H]2[C@@H]1C=CC=C2,-17.6,,,,D372,
D373,c1ccc2c(c1)NC(=O)[C@H]2[C@@H]1C(=O)Nc2c1cccc2,-13.5,,,,D373,
D374,c1ccc2c(c1)nc1n(c2=O)[C@H](C(=O)NC1)C[C@@]1(c2c(cccc2)N2[C@H]1N[C@H](C2=O)C)O,-17.4,,,,D374,
D375,c1ccc2c(c1)nc1n(c2=O)[C@H](C(=O)NC1)C[C@]12c3c(cccc3)N3[C@H]1[N@](C1(C3=O)CC1)CO2,-16.6,,,,D375,
D376,C1(=C[C@@]2([C@]3(N(C1=O)CC(=O)N3)N([C@@H]1[C@@H]2C=CC=C1)OC)C(C=C)(C)C)OC,-16,,,,D376,
D377,C1(=C[C@@]2([C@]3(N(C1=O)CC(=O)N3)N([C@@H]1[C@@H]2C=CC=C1)O)C(C=C)(C)C)OC,-14.5,,,,D377,
D378,C1(=C)C(=C)C(=C)N2C(=N1)[C@H](NC(=O)[C@H]2C[C@@]1([C@H]2N(c3c1cccc3)C(=O)[C@@H](N2)[C@@H](CC)C)O)C,-15.8,,,,D378,
D379,C1(=C[C@@]2([C@]3(N(C1=O)[C@H](C(=O)N3)C)N(c1c2cccc1)O)C(C)(C)C=C)O,-15.8,,,,D379,
D380,c12c(cccc1)nc(n(c2=O)c1c(cccc1)C(=O)[O-])[C@H]1NC(=[NH2+])CC1,-15.7,,,,D380,
D381,c1ccc(c(c1)C(=O)OC)n1c(nc2c(c1=O)cccc2)[C@@H]1CCC(=[NH2+])N1,-15,,,,D381,
D382,N1[C@H](c2n([C@@H]3[C@@H](C1=O)C=CC=C3)c(=O)c1c(n2)cccc1)CCC(=O)N,-16.7,,,,D382,
D383,[C@H]1([C@@]23N([C@@H]4[C@]1(c1c(N4)cccc1)[C@@]14c5c(N[C@@H]1N1[C@]6([C@H]4O)C(=O)N([C@@](C1=O)(CO)[S@]6=S=S)C)cccc5)C(=O)[C@](N(C2=O)C)(CO)[S@@]3=S=S=S)O,-11,,,,#N/A,
D384,c1ccc2c(c1)c(cn2C/C=C(\C)/CO)C[C@H]1C(=O)N[C@H](C(=O)N1)C,-15.5,,,,D384,
D385,C1=C[C@@]23C(=NC4=C(NC(=C)[C@@H](N4[C@@]42O[C@H](CO3)C(O4)(C)C)Cc2ccccc2)C(C)C)OC=C1,-14.7,,,,D385,
D386,c1ccc2c(c1)[C@]1([C@@](N2)(N2[C@@H](C1)C(=O)NCC2=O)C(C)(C=C)C)O,-15.1,,,,D386,
D387,c1ccc2c(c1)[C@]1([C@](N2)(N2[C@@H](C1)C(=O)N[C@H](C2=O)C)C(C)(C=C)C)O,-14.9,,,,D387,
D388,c1ccc2c(c1)c(c([nH]2)C(C)(C=C)C)/C=c\1/[nH]c(=O)/c(=C/C)/[nH]c1=O,-14.9,,,,D388,
D389,c1ccc2c(c1)c(c([nH]2)C(C)(C=C)C)C(=O)N,-12.2,,,,D389,
D390,c1c(ccc(c1)C[C@@H]1[C@@H](C)N=C(N=C1)Cc1ccc(cc1)OC)OC,-15,,,,D390,
D391,C1=Cc2c(OC1(C)C)cc1c(c2)[C@](C(=O)N1)(C[C@H]1C(=O)N2[C@H](C(=O)N1)CCC2)C(C)(C)C=C,-15.9,,,,D391,
D392,c12cccc3c1c(C(=O)N2)c1c(c3)C(N(C1=O)C(=O)CC(=O)C)(C)C,-15.8,,,,D392,
D393,c12cccc3c1c(C(=O)N2)c1c(c3)C(NC1=O)(C)C,-14.3,,,,D393,
D394,c12cccc3c1[C@@](C(=O)N2)([C@H]1[C@@H](C3)CNC1=O)O,-12.6,,,,D394,
D395,c12cccc3c1[C@@](C(=O)N2C)([C@H]1[C@@H](C3)CNC1=O)O,-12.7,,,,D395,
D396,c12cccc3c1[C@@]1(C(=O)N2C)[C@H]2[C@@H](C3)C(N3[C@]2([C@](O1)([C@](C3=O)([C@H](C)O)O)O)O)(C)C,-14.5,,,,D396,
D397,c12cccc3c1[C@@]1(C(=O)N2C)[C@H]2[C@@H](C3)C(N3[C@]2([C@](O1)([C@](C3=O)(CC(=O)C)O)O)O)(C)C,-15.5,,,,D397,
D398,c1cccc2c1c(cn2CC=C(C)C)C[C@@H](C(=O)OC)NC(=O)[C@H](Cc1ccccc1)O,-17.7,,,,D398,
D399,[C@@H]1(CC[C@H]2[C@H](C1)[C@H]([C@@]1(C=C2C)C(=O)c2c(O1)c(c[nH]c2=O)c1ccc(cc1)O)/C=C/C)C,-16.3,,,,D399,
D400,[C@@H]1(CC[C@@H]2[C@H](C1)[C@H]([C@H]1[C@H]([C@]2(C)O)Oc2c(C1=O)c(=O)[nH]cc2c1ccc(cc1)O)/C=C/C)C,-14.6,,,,D400,
D401,c1c(cc2c(c1C(=O)OC)c(=O)c1c(o2)cc(nc1)C)OC,-13.6,,,,D401,
D402,c1c(c(c2c(c1C(=O)OC)c(=O)c1c(o2)cc(nc1)C)OC(=O)C)OC,-14.4,,,,D402,
D403,c1c(cc2c(c1C(=O)OC)c(=O)c1c(o2)cc(nc1)CO)O,-13.3,,,,D403,
D404,c1c(cc2c(c1O)CN(C2=O)CCCCC(=O)OC)O,-12.3,,,,D404,
D405,c1c(cc2c(c1O)CN(C2=O)CCO)O,-10.3,,,,D405,
D406,c1c(cc2c(c1O)C(=O)c1c(C2=O)cc(nc1)C)OC,-12.7,,,,D406,
D407,C(C[C@@H](CCCCCC)C)C/C=C(/C=C/C(=O)[C@@H](CC[C@@H]1[C@H](C(=O)NC(=C)C(=O)NC[C@@H](C(=O)N[C@@H](C(=O)O1)CCC(=O)N)C)C)C)\C,-18.1,,,,D407,
D408,c1ccc2c(c1)[nH]c(c(c2=O)C(=O)O)c1ccc[nH]1,-13,,,,D408,
D409,C1(C[C@@H]2/C(=C/C=C\[C@@](C[C@@H]([C@@]12O)OC(=O)C)(C)O)/CO)(C)C,-12.9,,,,#N/A,
D410,C1(C[C@@H]2/C(=C\[C@@H](/C=C(/C[C@@H]([C@@]12O)OC(=O)C)\C)O)/CO)(C)C,-12.8,,,,D410,
D411,C1(C[C@@H]2/C(=C\[C@@H]([C@@H](C(=C)C[C@@H]([C@@]12O)OC(=O)C)NC(=O)/C=C(/CCO)\C)O)/CO)(C)C,-14.8,,,,D411,
D412,C1(C[C@@H]2/C(=C\[C@@H]([C@@H](C(=C)CC[C@@]12O)NC(=O)/C=C(/CCO)\C)O)/CO)(C)C,-13.5,,,,D412,
D413,[C@@]12([C@@H]([C@@]3([C@](C[C@@H]1OC(=O)C)(C=C[C@H]3O)C)CO)CC2(C)C)O,-12.6,,,,D413,
D414,[C@@]12([C@@H]([C@@]3([C@](C[C@@H]1OC(=O)C)([C@H](C=C3)O)C)CO)CC2(C)C)O,-12.7,,,,D414,
D415,c1(ccc(cc1)[C@@](CCCC(C)C)(O)C)CO,-11.5,,,,D415,
D416,c1(cc(c(cc1)[C@](CCCC(C)C)(C)O)O)CO,-12.3,,,,D416,
D417,c1(cc(c(cc1)[C@](CCCC(C)C)(C)O)O)C(=O)O,-12.6,,,,D417,
D418,c1(cc(c(cc1)[C@@]1(C)OC(CCC1)(C)C)O)CO,-11.8,,,,D418,
D419,c1(ccc(cc1)[N+](=O)[O-])C(=O)O[C@@H]1C[C@@H]2[C@@]([C@@]3([C@@H]1[C@@](CCC3)(C)CO)C)(COC2=O)O,-15.5,,,,D419,
D420,[C@@H]1(C[C@@H]([C@H]2[C@]([C@@H]1O)(CC[C@H](C2)C(=C)C)C)C)O,-11.7,,,,D420,
D421,[C@@H]1(C[C@@H]([C@H]2[C@]([C@@H]1O)(CC[C@](C2)(C(=C)C)O)C)C)O,-11.5,,,,D421,
D422,[C@@H]1(C[C@@H]([C@]2([C@]([C@@H]1O)(CC[C@H](C2)C(=C)C)C)O)C)O,-11.8,,,,D422,
D423,[C@@H]1(C[C@@H]([C@]2([C@]([C@@H]1O)(CC[C@](C2)(C(=C)C)O)C)O)C)O,-11.9,,,,D423,
D424,C1=C2[C@@](C(=C)C1=O)([C@H]1[C@@](C2)(CC(C1)(C)C)O)C,-11.6,,,,D424,
D425,C1=C2[C@@]([C@H](C1=O)C)([C@]1(C(=C2)C(=O)C(C1)(C)C)O)C,-12,,,,D425,
D426,C1C(=O)[C@@H]([C@@]2([C@H]1[C@H](C1=C2CC(C1=O)(C)C)O)C)C,-12.1,,,,D426,
D427,C1C(=O)[C@@H]([C@@]2([C@H]1C(=O)C1=C2CC(C1=O)(C)C)C)C,-12.2,,,,D427,
D428,C1(=O)C=C([C@@H]2[C@]1([C@H]([C@@H]1[C@H]2CC(C1)(C)C)O)C)C,-12.2,,,,D428,
D429,C1(=C[C@H]2[C@](CC1)([C@@]1([C@](O2)([C@H](C[C@H]1O)OC)CO)C)C)C,-12.9,,,,D429,
D430,C1(=C[C@]2([C@](CC1)([C@@]1(C[C@H](O2)C[C@H]1O)C)C)OCO)C,-12,,,,D430,
D431,C1(=C[C@@H]2[C@]3(CC1)[C@@]1([C@]4([C@H](O2)C[C@H]1OC(=O)C/C=C/C=C(/OCC/C(=C/C(=O)OC3)/C)\C(=O)C)CO4)C)C,-10.6,,,,D431,
D432,[C@@H]1([C@@]([C@@H]2[C@@](C1)(CC(=O)C(=CC2)C)C)(C(C)C)O)O,-12.1,,,,D432,
D433,[C@@H]1([C@@]([C@@H]2[C@@](C1)(CC(=O)C(=CC2)C)C)(C(C)(C)O)O)O,-12.3,,,,D433,
D434,C1(=O)[C@@]([C@@H]2[C@@](C1)(CC(=O)C(=CC2)C)C)(C(C)C)O,-12.4,,,,D434,
D435,[C@@H]1([C@@]([C@@H]2[C@@](C1)(CC(=O)[C@]1([C@@H](C2)O1)C)C)(C(C)C)O)O,-12.3,,,,D435,
D436,[C@@H]1([C@@]([C@@H]2[C@@](C1)(CC=C(CC2)C)C)(C(C)(C)O)O)O,-11.6,,,,D436,
D437,[C@@H]1([C@@]([C@@H]2[C@@](C1)([C@@H](C=C(CC2)C)O)C)(C(C)C)O)O,-12,,,,D437,
D438,[C@@H]1([C@@]([C@@H]2[C@@](C1)(CC=C(CC2)C(=O)O)C)(C(C)C)O)O,-12.2,,,,D438,
D439,[C@@H]1([C@@]([C@@H]2[C@@](C1)(C[C@H](C(=C)CC2)O)C)(C(C)C)O)O,-11.7,,,,D439,
D440,C1C[C@@H]([C@@H]2[C@@H](C1=C)[C@@H](CC(=C2)C(=O)O)O)C(C)C,-12.5,,,,D440,
D441,C1=CC2=CC(=O)[C@@](C[C@@]2([C@H](C1)C)C)(C(=C)CO)O,-12,,,,D441,
D442,C1(=O)[C@@](C[C@]2(C(=C1)C=C[C@H]([C@@H]2C)OC(=O)/C=C/C(=C/C(C)C)/C)C)(C(=C)C=O)O,-16.3,,,,D442,
D443,C1(=O)[C@@](C[C@]2(C(=C1)C=C[C@H]([C@@H]2C)OC(=O)/C=C/C(=C/C(C)C)/C)C)(C(=C)/C(=N\O)/C)OC,-17,,,,D443,
D444,[C@@H]12C[C@@]([C@@H]3[C@](C1)([C@H](C[C@H]3O)C)CC=C2C)(C)O,-11.8,,,,D444,
D445,[C@@H]12C[C@@]([C@@H]3[C@](C1)([C@H](C[C@H]3O)C)CC=C2C)(C)OC(=O)C,-13.2,,,,D445,
D446,[C@]12([C@@]3(C[C@H](CC1)C([C@@]3(O)C)(C)C)[C@@H](C[C@@H]2C)O)O,-11.6,,,,D446,
D447,[C@]123[C@H]([C@]4([C@@H]([C@@H](CC1)C)C(=O)C4)C)C[C@H]([C@@H](C[C@H]2C)O)C3(C)C,-13.2,,,,D447,
D448,C1[C@H]([C@H]2C(C(=C1C)CC/C(=C/[C@@H](C/C(=C/C2)/C)OC)/C)(C)C)O,-13,,,,D448,
D449,C(/C=C/C(C)(C)OC)[C@]([C@@H]1CC[C@@]([C@H]1C)(C)O)(O)C,-11.5,,,,D449,
D450,C(CC=C(C)C)[C@]([C@@H]1[C@H](C[C@@]([C@H]1C)(C)O)O)(O)C,-12.2,,,,D450,
D451,[C@@H]1([C@@H]([C@](CC1)(C)O)C)[C@](CCC[C@@H](C)C(=O)OC)(C)O,-12.3,,,,D451,
D452,C1C=C(CC[C@]21[C@@H](C[C@H]([C@@H]2C)O)C(C)(C)O)C,-11.8,,,,D452,
D453,C1CC(C2=C(C(=O)C3=C[C@](CC[C@@]3([C@]2(C1)C)O)(C=C)C)O)(C)C,-13,,,,D453,
D454,C1[C@@H](C(C2=C(C(=O)C3=C[C@](CC[C@@]3([C@]2(C1)C)O)(C=C)C)O)(C)C)O,-14.2,,,,D454,
D455,C1[C@@H](C(C2=C(C(=O)C3=C[C@](C[C@H]([C@@]3([C@]2(C1)C)O)O)(C=C)C)O)(C)C)O,-13.2,,,,D455,
D456,C1CC([C@]2([C@]3(C1)C1=C([C@H]([C@@]2(OC3)O)O)[C@H]([C@](CC1)(C=C)C)O)O)(C)C,-13.6,,,,#N/A,
D457,C1CC([C@]2([C@](C1)(C1=C([C@@H](C2=O)O)[C@H]([C@](CC1)(C=C)C)O)C)O)(C)C,-13.8,,,,D457,
D458,C1=C[C@]2([C@@H](C(C1=O)(C)C)[C@H]([C@@H](C1=C[C@](CC[C@]21O)(C=C)C)O)O)C,-13.5,,,,D458,
D459,[C@]123[C@H]([C@H](C(=O)C4=C1CC[C@@]([C@@H]4O)(C=C)C)O)[C@@]([C@@H](C[C@H]2C3)OC(=O)C)(CC(=O)C(C)C)C,-15.1,,,,D459,
D460,C1=C[C@]2([C@H]3[C@]([C@@H]1O)([C@@]1(C(=C[C@H]3OC2=O)COC(=O)C1)O)C)C,-13.9,,,,D460,
D461,C1CC([C@H]2[C@]3(C1)C1=C([C@H]([C@@H]2O)O[C@H]3OC)[C@H]([C@](CC1)(C=C)C)O)(C)C,-13.3,,,,D461,
D462,C1CC([C@H]2[C@]3(C1)[C@@]1([C@@](CC2=O)([C@H]([C@](CC1)(C=C)C)O)OC3=O)O)(C)C,-14.3,,,,D462,
D463,C1[C@@H](C([C@H]2[C@](C1)(C1=CC(=C)[C@@]([C@H](C1=CC2)O)(C=C)C)O)(C)C)O,-13.1,,,,D463,
D464,C1[C@@H](C([C@H]2[C@](C1)(C1=CC(=C)[C@@]([C@@H](C1=CC2)O)(C=C)C)O)(C)C)O,-12.5,,,,D464,
D465,C1[C@@H](C([C@H]2[C@](C1)(C1=C(C(=O)C2)[C@H]([C@](CC1)(C=C)C)OC(=O)C)C)(C)C)O,-14.8,,,,D465,
D466,C1[C@@H](C([C@H]2[C@](C1)(C1=C(C(=O)C2)C[C@](C[C@@H]1O)(C=C)C)C)(C)C)O,-12.8,,,,D466,
D467,C1CC(C2=CC(=O)C3=C([C@@]2(C1)O)CC[C@@]([C@@H]3O)(C=C)C)(C)C,-12.9,,,,D467,
D468,C1CC(C2=CC(=O)C3=C([C@]2(C1)O)CC[C@@]([C@@H]3O)(C=C)C)(C)C,-12.9,,,,D468,
D469,C1CC(C2=CC(=O)C3=C([C@]2(C1)O)CC[C@@]([C@H]3O)(C=C)C)(C)C,-13.5,,,,D469,
D470,[C@]12(CC[C@]3([C@H]([C@@H]1[C@@H]1[C@]([C@H]4C(=C(CC4)C(=O)O)C2)(C1)C)[C@H](CC3)C(C)C)C)CO,-14.6,,,,D470,
D471,[C@@]12(CC[C@]3([C@H]([C@@H]1CC(=C1[C@@H]([C@H]2O)[C@H](CC1)C)C)CC(CC3)(C)C)C)C,-12.8,,,,D471,
D472,[C@@]12(CC[C@]3([C@H]([C@@H]1CC(=C1[C@@H]([C@H]2O)[C@H]([C@@H](C1)O)C)C)CC(CC3)(C)C)C)C,-12.1,,,,D472,
D473,[C@]12([C@H]([C@H](C[C@H]1O)C(C)C)C[C@]1([C@H](C2)[C@H](CC[C@@H]2C3=C1C(=O)O[C@]3(C[C@@H]2C)C)C)O)C,-14.1,,,,D473,
D474,C(=CCC/C(=C/[C@@H]1O[C@H]2[C@@](C1)(OC1=C(C2)C(=O)CC[C@@H]1O)C)/C)(C)C,-15.2,,,,#N/A,
D475,[C@@]12([C@H]3[C@](CC[C@@H]1[C@@]1(OC(=O)[C@H]([C@H]2O)C1)C)([C@@]1(C(=O)[C@@](C(=O)[C@@](C3)(C)C1=C)(C)O)C(=O)OC)C)C,-12.2,,,,D475,
D476,[C@@]1([C@H]2[C@](CC[C@@H]1C(O)(C)C)([C@@]13[C@@](C(=O)[C@@](C2)(C)C3=C)(O)[C@@H](C)OC1=O)C)(C)CCC(=O)OC,-17.3,,,,D476,
D477,C1(=O)OC(C2=CC(=O)[C@]3([C@H](C(=C2C1)COC(=O)C)C[C@@]1([C@@H]2[C@H]3C(=O)[C@H](O[C@@H]2OC1=O)C)C)C)(C)C,-12.5,,,,D477,
D478,C1(=O)OC(C2=CC(=O)[C@]3([C@H](C(=C2C1)COC(=O)CC(C)C)C[C@@]1([C@@H]2[C@H]3C(=O)[C@H](O[C@@H]2OC1=O)C)C)C)(C)C,-13.1,,,,D478,
D479,O1[C@]2(CC[C@]3([C@](C1(C)C)([C@@H](C[C@]1([C@@H]3Cc3c(O1)c(c1c(c3OC)C(=O)OC1)C)C)C(=O)OC)O2)C)O,-14,,,,D479,
D480,O1C(=O)CC[C@]2([C@](C1(C)C)([C@@H](C[C@]1([C@@H]2Cc2c(O1)c(c1c(c2OC)C(=O)OC1)C)C)O)O)C,-13.7,,,,D480,
D481,c1(cc(c2c(c1C=O)O[C@](C=C2)(CC/C=C(/C)\CC[C@@H](O)C(C)(C)OC)C)O)COC(=O)C,-17,,,,D481,
D482,c1(cc(c2c(c1C=O)O[C@](C=C2)(CC/C=C(/C)\CC[C@@H](O)C(C)(O)C)C)O)COC(=O)C,-15,,,,D482,
D483,c1(cc(c2c(c1C=O)O[C@](C=C2)(CC/C=C(/C)\CC[C@@H](O)C(C)(O)C)C)O)C,-15.1,,,,D483,
D484,[C@@H]1(C([C@H]2[C@](C[C@@H]1O)([C@@]1([C@@H](CC2)C)Oc2c(C1)c(cc(c2C=O)CO)O)C)(C)C)OC(=O)C,-12.6,,,,D484,
D485,[C@@H]1(C([C@H]2[C@](CC1)([C@@]1([C@@H](CC2)C)Oc2c(C1)c(cc1c2CN(C1=O)CC(=O)OC)O)C)(C)C)O,-13.8,,,,D485,
D486,[C@@H]1(C([C@H]2[C@](CC1)([C@@]1([C@@H](CC2)C)Oc2c(C1)c(cc1c2CN(C1=O)CCCC(=O)OC)O)C)(C)C)O,-13,,,,D486,
D487,c1c(cc(c(c1O)C(=O)O)c1c2c(c(cc1C)O)ncs2)OC,-13.4,,,,D487,
D488,c1c(cc(c(c1O)C(=O)O)c1cc(c2c(c1C)scn2)O)OC,-13.8,,,,D488,
D489,c1c(cc(c(c1O)C(=O)O)c1cc(c(cc1C)O)O)OC,-13.3,,,,D489,
D490,c1c(cc(cc1O)c1cc(c(cc1C)O)O)OC,-12.4,,,,D490,
D491,c1(cc(c2-c3c(COc2c1)ccc(n3)C)C(=O)O)O,-12.7,,,,D491,
D492,c1(cc(c2-c3c(COc2c1)ccc(n3)C)C(=O)OC)O,-12.7,,,,D492,
D493,c1(cc(c2-c3c(COc2c1)ccc(n3)C)C(=O)O)OC,-13.1,,,,D493,
D494,c1(cc(c2-c3c(COc2c1O)ccc(n3)C)C(=O)O)OC,-13.5,,,,D494,
D495,C1(=C([C@H](OC1=O)OC)c1ccc(cc1)O)Cc1ccc(c(c1)CC=C(C)C)O,-16.2,,,,D495,
D496,C1(=C([C@H](OC1=O)O)c1ccc(cc1)O)Cc1ccc2c(c1)CCC(O2)(C)C,-16.1,,,,D496,
D497,[C@H](C(=C)C(=O)O)(C(=O)OC)CCCCCCO,-10.7,,,,D497,
D498,[C@H](C(=C)C(=O)O)(C(=O)O)CCCCCCOC(=O)C,-11.6,,,,D498,
D499,[C@H](C(=C)C(=O)O)(C(=O)O)CCCCC(=O)C,-10.4,,,,D499,
D500,C(C[C@@H](CCCCCC/C=C/C(=O)N[C@@H]1[C@H](O[C@@H]([C@@H]([C@@H]1O)O)C[C@@H](O)[C@@H]1[C@@H]([C@@H]([C@@H](O1)n1c(=O)[nH]c(=O)cc1)O)O)O[C@@H]1O[C@H]([C@@H]([C@@H]([C@@H]1NC(=O)C)O)O)CO)C)C,-16.9,,,,D500,
D501,[C@H]1([C@@H](CO[C@@H]([C@H]1O)CO)NC(=O)C)O,-8.9,,,,D501,
D502,C1CC(=O)C=C2[C@]1([C@@H]1C(=C3[C@](CC1)([C@H](CC3)[C@H](/C=C/C(=C)C(C)C)C)C)C=C2)C,-17,,,,D502,